Workbook

Sheet BIOMASS_DATABASE
R3: Molar Masses (g/mol)
R4: C | S4: 12.01
R5: H | S5: 1.008
R6: O | S6: 16
R7: N | S7: 28.02
R8: S | S8: 32.065
D11: wt. % | L11: mol | S11: Formula
B12: No. | C12: Type | D12: C | E12: H | F12: O | G12: N | H12: S | I12: M | J12: HHV | L12: C | M12: H | N12: O | O12: N | P12: S | R12: =C12 -> Type | S12: C | T12: H | U12: O | V12: N | W12: S | X12: w
B13: 1 | C13: Bamboo | D13: 40.64 | E13: 5.64 | F13: 44.09 | G13: 0.52 | H13: 0.03 | I13: 0.2 | J13: =(0.3491*D13)+(1.1783*E13)+(0.1005*H13)-(0.0151*G13)-(0.1034*F13)-(0.211*B60) -> 12.846873 | K13: =(0.519*D13)+(1.625*E13)+(0.001*F13)-17.87 -> 12.43125 | L13: =D13/$S$4 -> 3.3838468 | M13: =E13/$S$5 -> 5.5952381 | N13: =F13/$S$6 -> 2.755625 | O13: =G13/$S$7 -> 0.018558173 | P13: =H13/$S$8 -> 0.00093559956 | R13: =C13 -> Bamboo | S13: =L13/$L$13 -> 1 | T13: =M13/$L$13 -> 1.653514 | U13: =N13/$L$13 -> 0.81434686 | V13: =O13/$L$13 -> 0.0054843419 | W13: =P13/$L$13 -> 0.00027648993 | X13: =(24*I13*S13)/(18*(1-(I13*S13))) -> 0.33333333 | Z13: 1 | AA13: 1.653514 | AB13: 0.81434686 | AC13: 0.0054843419 | AD13: 0.00027648993 | AE13: 0.33333333
B14: 2 | C14: EFB | D14: 43.53 | E14: 7.2 | F14: 47.09 | G14: 1.73 | H14: 0.46 | I14: 0.2 | J14: =(0.3491*D14)+(1.1783*E14)+(0.1005*H14)-(0.0151*G14)-(0.1034*F14)-(0.211*C60) -> 15.408664 | K14: =(0.519*D14)+(1.625*E14)+(0.001*F14)-17.87 -> 16.46916 | L14: =D14/$S$4 -> 3.6244796 | M14: =E14/$S$5 -> 7.1428571 | N14: =F14/$S$6 -> 2.943125 | O14: =G14/$S$7 -> 0.061741613 | P14: =H14/$S$8 -> 0.01434586 | R14: =C14 -> EFB | S14: =L14/$L$14 -> 1 | T14: =M14/$L$14 -> 1.9707263 | U14: =N14/$L$14 -> 0.81201312 | V14: =O14/$L$14 -> 0.017034615 | W14: =P14/$L$14 -> 0.0039580468 | X14: =(24*I14*S14)/(18*(1-(I14*S14))) -> 0.33333333 | Z14: 1 | AA14: 1.9707263 | AB14: 0.81201312 | AC14: 0.017034615 | AD14: 0.0039580468 | AE14: 0.33333333
B15: 3 | C15: Oil Palm Frond | D15: 43.94 | E15: 6.94 | F15: 44.88 | G15: 3.52 | H15: 0.72 | I15: 0.2 | J15: =(0.3491*D15)+(1.1783*E15)+(0.1005*H15)-(0.0151*G15)-(0.1034*F15)-(0.211*D60) -> 15.473052 | K15: =(0.519*D15)+(1.625*E15)+(0.001*F15)-17.87 -> 16.25724 | L15: =D15/$S$4 -> 3.6586178 | M15: =E15/$S$5 -> 6.8849206 | N15: =F15/$S$6 -> 2.805 | O15: =G15/$S$7 -> 0.12562455 | P15: =H15/$S$8 -> 0.02245439 | R15: =C15 -> Oil Palm Frond | S15: =L15/$L$15 -> 1 | T15: =M15/$L$15 -> 1.8818365 | U15: =N15/$L$15 -> 0.76668298 | V15: =O15/$L$15 -> 0.034336616 | W15: =P15/$L$15 -> 0.0061373969 | X15: =(24*I15*S15)/(18*(1-(I15*S15))) -> 0.33333333 | Z15: 1 | AA15: 1.8818365 | AB15: 0.76668298 | AC15: 0.034336616 | AD15: 0.0061373969 | AE15: 0.33333333
B16: 4 | C16: Palm Kernel Shell | D16: 49.91 | E16: 6.94 | F16: 38.2 | G16: 3.52 | H16: 0.72 | I16: 0.2 | J16: =(0.3491*D16)+(1.1783*E16)+(0.1005*H16)-(0.0151*G16)-(0.1034*F16)-(0.211*E60) -> 18.247891 | K16: =(0.519*D16)+(1.625*E16)+(0.001*F16)-17.87 -> 19.34899 | L16: =D16/$S$4 -> 4.1557036 | M16: =E16/$S$5 -> 6.8849206 | N16: =F16/$S$6 -> 2.3875 | O16: =G16/$S$7 -> 0.12562455 | P16: =H16/$S$8 -> 0.02245439 | R16: =C16 -> Palm Kernel Shell | S16: =L16/$L$16 -> 1 | T16: =M16/$L$16 -> 1.6567401 | U16: =N16/$L$16 -> 0.57451162 | V16: =O16/$L$16 -> 0.030229431 | W16: =P16/$L$16 -> 0.0054032702 | X16: =(24*I16*S16)/(18*(1-(I16*S16))) -> 0.33333333 | Z16: 1 | AA16: 1.6567401 | AB16: 0.57451162 | AC16: 0.030229431 | AD16: 0.0054032702 | AE16: 0.33333333
B17: 5 | C17: Pomace | D17: 51.31 | E17: 6.4 | F17: 35.01 | G17: 2 | H17: 0.26 | I17: 0.2 | J17: =(0.3491*D17)+(1.1783*E17)+(0.1005*H17)-(0.0151*G17)-(0.1034*F17)-(0.211*F60) -> 18.406917 | K17: =(0.519*D17)+(1.625*E17)+(0.001*F17)-17.87 -> 19.1949 | L17: =D17/$S$4 -> 4.2722731 | M17: =E17/$S$5 -> 6.3492063 | N17: =F17/$S$6 -> 2.188125 | O17: =G17/$S$7 -> 0.071377587 | P17: =H17/$S$8 -> 0.0081085295 | R17: =C17 -> Pomace | S17: =L17/$L$17 -> 1 | T17: =M17/$L$17 -> 1.4861424 | U17: =N17/$L$17 -> 0.5121688 | V17: =O17/$L$17 -> 0.016707169 | W17: =P17/$L$17 -> 0.0018979427 | X17: =(24*I17*S17)/(18*(1-(I17*S17))) -> 0.33333333 | Z17: 1 | AA17: 1.4861424 | AB17: 0.5121688 | AC17: 0.016707169 | AD17: 0.0018979427 | AE17: 0.33333333
B18: 6 | C18: Rice Husk | D18: 38.43 | E18: 2.97 | F18: 36.36 | G18: 0.49 | H18: 0.07 | I18: 0.2 | J18: =(0.3491*D18)+(1.1783*E18)+(0.1005*H18)-(0.0151*G18)-(0.1034*F18)-(0.211*G60) -> 9.733056 | K18: =(0.519*D18)+(1.625*E18)+(0.001*F18)-17.87 -> 6.93778 | L18: =D18/$S$4 -> 3.1998335 | M18: =E18/$S$5 -> 2.9464286 | N18: =F18/$S$6 -> 2.2725 | O18: =G18/$S$7 -> 0.017487509 | P18: =H18/$S$8 -> 0.0021830656 | R18: =C18 -> Rice Husk | S18: =L18/$L$18 -> 1 | T18: =M18/$L$18 -> 0.92080685 | U18: =N18/$L$18 -> 0.71019321 | V18: =O18/$L$18 -> 0.0054651309 | W18: =P18/$L$18 -> 0.00068224352 | X18: =(24*I18*S18)/(18*(1-(I18*S18))) -> 0.33333333 | Z18: 1 | AA18: 0.92080685 | AB18: 0.71019321 | AC18: 0.0054651309 | AD18: 0.00068224352 | AE18: 0.33333333
B19: 7 | C19: Wood Chips | D19: 45.69 | E19: 4.65 | F19: 50.32 | G19: 0 | H19: 0 | I19: 0.2 | J19: =(0.3491*D19)+(1.1783*E19)+(0.1005*H19)-(0.0151*G19)-(0.1034*F19)-(0.211*H60) -> 12.803966 | K19: =(0.519*D19)+(1.625*E19)+(0.001*F19)-17.87 -> 13.44968 | L19: =D19/$S$4 -> 3.8043297 | M19: =E19/$S$5 -> 4.6130952 | N19: =F19/$S$6 -> 3.145 | O19: =G19/$S$7 -> 0 | P19: =H19/$S$8 -> 0 | R19: =C19 -> Wood Chips | S19: =L19/$L$19 -> 1 | T19: =M19/$L$19 -> 1.2125908 | U19: =N19/$L$19 -> 0.82668965 | V19: =O19/$L$19 -> 0 | W19: =P19/$L$19 -> 0 | X19: =(24*I19*S19)/(18*(1-(I19*S19))) -> 0.33333333 | Z19: 1 | AA19: 1.2125908 | AB19: 0.82668965 | AC19: 0 | AD19: 0 | AE19: 0.33333333
B20: 8 | C20: Wood Pellet | D20: 43.52 | E20: 7 | F20: 43.53 | G20: 0.23 | H20: 0.08 | I20: 0.2 | J20: =(0.3491*D20)+(1.1783*E20)+(0.1005*H20)-(0.0151*G20)-(0.1034*F20)-(0.211*I60) -> 15.522077 | K20: =(0.519*D20)+(1.625*E20)+(0.001*F20)-17.87 -> 16.13541 | L20: =D20/$S$4 -> 3.623647 | M20: =E20/$S$5 -> 6.9444444 | N20: =F20/$S$6 -> 2.720625 | O20: =G20/$S$7 -> 0.0082084226 | P20: =H20/$S$8 -> 0.0024949322 | R20: =C20 -> Wood Pellet | S20: =L20/$L$20 -> 1 | T20: =M20/$L$20 -> 1.9164241 | U20: =N20/$L$20 -> 0.75079748 | V20: =O20/$L$20 -> 0.0022652379 | W20: =P20/$L$20 -> 0.00068851414 | X20: =(24*I20*S20)/(18*(1-(I20*S20))) -> 0.33333333 | Z20: 1 | AA20: 1.9164241 | AB20: 0.75079748 | AC20: 0.0022652379 | AD20: 0.00068851414 | AE20: 0.33333333
B21: 9 | C21: Dried Sewage Sludge | D21: 19.1 | E21: 2.3 | F21: 5.7 | G21: 1.1 | H21: 0.1 | I21: 0.08 | J21: =(0.3491*D21)+(1.1783*E21)+(0.1005*H21)-(0.0151*G21)-(0.1034*F21)-(0.211*J60) -> 5.35954 | K21: =(0.519*D21)+(1.625*E21)+(0.001*F21)-17.87 -> -4.2139 | L21: =D21/$S$4 -> 1.5903414 | M21: =E21/$S$5 -> 2.281746 | N21: =F21/$S$6 -> 0.35625 | O21: =G21/$S$7 -> 0.039257673 | P21: =H21/$S$8 -> 0.0031186652 | R21: =C21 -> Dried Sewage Sludge | S21: =L21/$L$21 -> 1 | T21: =M21/$L$21 -> 1.4347523 | U21: =N21/$L$21 -> 0.22400851 | V21: =O21/$L$21 -> 0.02468506 | W21: =P21/$L$21 -> 0.0019610036 | X21: =(24*I21*S21)/(18*(1-(I21*S21))) -> 0.11594203 | Z21: 1 | AA21: 1.4347523 | AB21: 0.22400851 | AC21: 0.02468506 | AD21: 0.0019610036 | AE21: 0.11594203
B22: 10 | C22: Manure | D22: 37.1 | E22: 5.1 | F22: 31.4 | G22: 3.7 | H22: 0.5 | I22: 0.274 | J22: =(0.3491*D22)+(1.1783*E22)+(0.1005*H22)-(0.0151*G22)-(0.1034*F22)-(0.211*L60) -> 12.28614 | K22: =(0.519*D22)+(1.625*E22)+(0.001*F22)-17.87 -> 9.7038 | L22: =D22/$S$4 -> 3.0890924 | M22: =E22/$S$5 -> 5.0595238 | N22: =F22/$S$6 -> 1.9625 | O22: =G22/$S$7 -> 0.13204854 | P22: =H22/$S$8 -> 0.015593326 | R22: =C22 -> Manure | S22: =L22/$L$22 -> 1 | T22: =M22/$L$22 -> 1.6378674 | U22: =N22/$L$22 -> 0.63529987 | V22: =O22/$L$22 -> 0.04274671 | W22: =P22/$L$22 -> 0.0050478665 | X22: =(24*I22*S22)/(18*(1-(I22*S22))) -> 0.50321396 | Z22: 1 | AA22: 1.6378674 | AB22: 0.63529987 | AC22: 0.04274671 | AD22: 0.0050478665 | AE22: 0.50321396
B23: 11 | C23: Date Pits Waste | D23: 49.8 | E23: 6.8 | F23: 37.9 | G23: 4.5 | H23: 0 | I23: 0.05 | J23: =(0.3491*D23)+(1.1783*E23)+(0.1005*H23)-(0.0151*G23)-(0.1034*F23)-(0.211*M60) -> 17.98839 | K23: =(0.519*D23)+(1.625*E23)+(0.001*F23)-17.87 -> 19.0641 | L23: =D23/$S$4 -> 4.1465445 | M23: =E23/$S$5 -> 6.7460317 | N23: =F23/$S$6 -> 2.36875 | O23: =G23/$S$7 -> 0.16059957 | P23: =H23/$S$8 -> 0 | R23: =C23 -> Date Pits Waste | S23: =L23/$L$23 -> 1 | T23: =M23/$L$23 -> 1.6269044 | U23: =N23/$L$23 -> 0.57125879 | V23: =O23/$L$23 -> 0.038730941 | W23: =P23/$L$23 -> 0 | X23: =(24*I23*S23)/(18*(1-(I23*S23))) -> 0.070175439 | Z23: 1 | AA23: 1.6269044 | AB23: 0.57125879 | AC23: 0.038730941 | AD23: 0 | AE23: 0.070175439
B24: 12 | C24: Sugarcane Bagasse | D24: 49.8 | E24: 6 | F24: 43.9 | G24: 0.2 | H24: 0.06 | I24: 0.05 | J24: =(0.3491*D24)+(1.1783*E24)+(0.1005*H24)-(0.0151*G24)-(0.1034*F24)-(0.211*N60) -> 16.49631 | K24: =(0.519*D24)+(1.625*E24)+(0.001*F24)-17.87 -> 17.7701 | L24: =D24/$S$4 -> 4.1465445 | M24: =E24/$S$5 -> 5.952381 | N24: =F24/$S$6 -> 2.74375 | O24: =G24/$S$7 -> 0.0071377587 | P24: =H24/$S$8 -> 0.0018711991 | R24: =C24 -> Sugarcane Bagasse | S24: =L24/$L$24 -> 1 | T24: =M24/$L$24 -> 1.4355039 | U24: =N24/$L$24 -> 0.66169553 | V24: =O24/$L$24 -> 0.0017213752 | W24: =P24/$L$24 -> 0.0004512671 | X24: =(24*I24*S24)/(18*(1-(I24*S24))) -> 0.070175439 | Z24: 1 | AA24: 1.4355039 | AB24: 0.66169553 | AC24: 0.0017213752 | AD24: 0.0004512671 | AE24: 0.070175439
B25: 13 | C25: MSW | D25: 40 | E25: 5 | F25: 25 | G25: 1 | H25: 0.2 | I25: 0.05 | J25: =(0.3491*D25)+(1.1783*E25)+(0.1005*H25)-(0.0151*G25)-(0.1034*F25)-(0.211*O60) -> 17.2755 | K25: =(0.519*D25)+(1.625*E25)+(0.001*F25)-17.87 -> 11.04 | L25: =D25/$S$4 -> 3.3305579 | M25: =E25/$S$5 -> 4.9603175 | N25: =F25/$S$6 -> 1.5625 | O25: =G25/$S$7 -> 0.035688794 | P25: =H25/$S$8 -> 0.0062373304 | R25: =C25 -> MSW | S25: =L25/$L$25 -> 1 | T25: =M25/$L$25 -> 1.4893353 | U25: =N25/$L$25 -> 0.46914062 | V25: =O25/$L$25 -> 0.01071556 | W25: =P25/$L$25 -> 0.0018727585 | X25: =(24*I25*S25)/(18*(1-(I25*S25))) -> 0.070175439 | Z25: 1 | AA25: 1.4893353 | AB25: 0.46914062 | AC25: 0.01071556 | AD25: 0.0018727585 | AE25: 0.070175439
A51: Type | B51: Bamboo | C51: EFB | D51: Oil Palm Frond | E51: Palm Kernel Shell | F51: Pomace | G51: Rice Husk | H51: Wood Chips | I51: Wood Pellet | J51: Dried Sewage Sludge | K51: Manure | L51: Date Pits Waste | M51: Sugarcane Bagasse | N51: MSW
A52: C | B52: 1 | C52: 1 | D52: 1 | E52: 1 | F52: 1 | G52: 1 | H52: 1 | I52: 1 | J52: 1 | K52: 1 | L52: 1 | M52: 1 | N52: 1
A53: H | B53: 1.653514 | C53: 1.9707263 | D53: 1.8818365 | E53: 1.6567401 | F53: 1.4861424 | G53: 0.92080685 | H53: 1.2125908 | I53: 1.9164241 | J53: 1.4347523 | K53: 1.6378674 | L53: 1.6269044 | M53: 1.4355039 | N53: 1.4893353
A54: O | B54: 0.81434686 | C54: 0.81201312 | D54: 0.76668298 | E54: 0.57451162 | F54: 0.5121688 | G54: 0.71019321 | H54: 0.82668965 | I54: 0.75079748 | J54: 0.22400851 | K54: 0.63529987 | L54: 0.57125879 | M54: 0.66169553 | N54: 0.46914062
A55: N | B55: 0.0054843419 | C55: 0.017034615 | D55: 0.034336616 | E55: 0.030229431 | F55: 0.016707169 | G55: 0.0054651309 | H55: 0 | I55: 0.0022652379 | J55: 0.02468506 | K55: 0.04274671 | L55: 0.038730941 | M55: 0.0017213752 | N55: 0.01071556
A56: S | B56: 0.00027648993 | C56: 0.0039580468 | D56: 0.0061373969 | E56: 0.0054032702 | F56: 0.0018979427 | G56: 0.00068224352 | H56: 0 | I56: 0.00068851414 | J56: 0.0019610036 | K56: 0.0050478665 | L56: 0 | M56: 0.0004512671 | N56: 0.0018727585
A57: MC | B57: 0.096 | C57: 0.2 | D57: 0.2 | E57: 0.2 | F57: 0.2 | G57: 0.2 | H57: 0.2 | I57: 0.2 | J57: 0.08 | K57: 0.274 | L57: 0.05 | M57: 0.05 | N57: 0.05
A58: VM | B58: 68.48
A59: FC | B59: 5.7
A60: A | B60: 16.22 | C60: 16.22 | D60: 16.22 | E60: 16.22 | F60: 16.22 | G60: 16.22 | H60: 16.22 | I60: 16.22 | J60: 16.22 | K60: 16.22 | L60: 16.22 | M60: 16.22 | N60: 16.22
A61: HHV | B61: 12.846873 | C61: 15.408664 | D61: 15.473052 | E61: 18.247891 | F61: 18.406917 | G61: 9.733056 | H61: 12.803966 | I61: 15.522077 | J61: 5.35954 | K61: 17.98839 | L61: 16.49631 | M61: 13.85308 | N61: 13.85308
A62: LHV | B62: =(B61*(1-B57))-(2.44*B57) -> 11.379333 | C62: =(C61*(1-C57))-(2.44*C57) -> 11.838931 | D62: =(D61*(1-D57))-(2.44*D57) -> 11.890442 | E62: =(E61*(1-E57))-(2.44*E57) -> 14.110313 | F62: =(F61*(1-F57))-(2.44*F57) -> 14.237534 | G62: =(G61*(1-G57))-(2.44*G57) -> 7.2984448 | H62: =(H61*(1-H57))-(2.44*H57) -> 9.7551728 | I62: =(I61*(1-I57))-(2.44*I57) -> 11.929662 | ... N62: =(N61*(1-N57))-(2.44*N57) -> 13.038426
A63: w | B63: =(24*B57*B52)/(18*(1-B57*B52)) -> 0.14159292 | C63: =(24*C57*C52)/(18*(1-C57*C52)) -> 0.33333333 | D63: =(24*D57*D52)/(18*(1-D57*D52)) -> 0.33333333 | E63: =(24*E57*E52)/(18*(1-E57*E52)) -> 0.33333333 | F63: =(24*F57*F52)/(18*(1-F57*F52)) -> 0.33333333 | G63: =(24*G57*G52)/(18*(1-G57*G52)) -> 0.33333333 | H63: =(24*H57*H52)/(18*(1-H57*H52)) -> 0.33333333 | I63: =(24*I57*I52)/(18*(1-I57*I52)) -> 0.33333333 | ... N63: =(24*N57*N52)/(18*(1-N57*N52)) -> 0.070175439
A64: Cellulose | B64: 44
A65: Hemicellulose | B65: 30
A66: Lignin | B66: 26
A67: CP | B67: =(B57*OPERATING_CONDITIONS!I5)+(((B64*0.01*OPERATING_CONDITIONS!I2)+(B65*0.01*OPERATING_CONDITIONS!I3)+(B66*0.01*OPERATING_CONDITIONS!I4))*(1-B57)) -> 1.659648
A68: Feed | B68: 10 | C68: 3.4 | D68: 3.4 | E68: 3.4 | F68: 3.4 | G68: 3.4 | H68: 3.4 | I68: 3.4 | J68: 3.4 | K68: 3.4 | L68: 3.4 | M68: 3.4 | N68: 3.4

Sheet OPERATING_CONDITIONS
C1: Condition | D1: Value | H1: Parameters | I1: Values
C2: Inlet Temperature (°C) | D2: 25 | H2: Cp​ (kJ/kg·K) of Cellulose at Ambient / Inlet Temperature | I2: 1.5
C3: Drying | D3: Yes | H3: Cp​ (kJ/kg·K) of Hemicellulose at Ambient / Inlet Temperature | I3: 1.4
C4: Drying Temperature (°C) | D4: 100 | H4: Cp​ (kJ/kg·K) of Lignin at Ambient / Inlet Temperature | I4: 1.2
C5: Temperature Fix | D5: Yes | H5: Specific heat capacity of water (kJ/kg·K) at Ambient / Inlet Temperature | I5: 4.18
C6: Gasification Temperature (°C) | D6: 850 | H6: Specific heat capacity of air (kJ/kg·K) at Ambient / Inlet Temperature | I6: 1.005
C7: AF Ratio | D7: 1 | E7: 1-1.78 | H7: Specific heat capacity of vapours (kJ/kg·K) | I7: 1.85
C8: SB Ratio | D8: 0.5 | E8: 0.5-2 | H8: Heat of Vaporisation (KJ/kg) | I8: 2260
C9: Gasifying Agent | D9: Steam
C10: Biomass Type | D10: Bamboo
C11: Maximum Feed | D11: =MAX(FEED!A1:L24) -> 2.5 | E11: kg/s
C12: Maximum Demand | D12: =MAX(DEMAND!A1:M24) -> 320 | E12: kg/s

Sheet HEAT_CAPACITY
C4: Heat Capacity (constants A, B, C, D)
C5: Chemical Species | D5: Formula | E5: Tmax | F5: A | G5: (1e3)xB | H5: (1e6)xC | I5: (1e-5)xD
C6: Methane | D6: CH4 | E6: 1500 | F6: 1.702 | G6: 9.081 | H6: -2.164 | I6: 0
C7: Hydrogen | D7: H2 | E7: 3000 | F7: 3.249 | G7: 0.422 | H7: 0 | I7: 0.083 | M7: Methanation | O7: Water-Gas Shift
C8: Carbon monoxide | D8: CO | E8: 2500 | F8: 3.376 | G8: 0.557 | H8: 0 | I8: -0.031 | L8: ΔA | M8: =F6-F12-(2*F7) -> -6.567 | N8: =M8 -> -6.567 | O8: =F9+F7-F8-F11 -> 1.86 | P8: =O8 -> 1.86
C9: Carbon dioxide | D9: CO2 | E9: 2000 | F9: 5.457 | G9: 1.047 | H9: 0 | I9: -1.157 | L9: ΔB | M9: =G6-G12-(2*G7) -> 7.466 | N9: =M9*0.001 -> 0.007466 | O9: =G9+G7-G8-G11 -> -0.538 | P9: =O9*0.001 -> -0.000538
C10: Nitrogen | D10: N2 | E10: 2000 | F10: 3.28 | G10: 0.593 | H10: 0 | I10: 0.04 | L10: ΔC | M10: =H6-H12-(2*H7) -> -2.164 | N10: =M10*0.000001 -> -2.164e-06 | O10: =H9+H7-H8-H11 -> 0 | P10: =O10*0.000001 -> 0
C11: Water | D11: H2O | E11: 2000 | F11: 3.47 | G11: 1.45 | H11: 0 | I11: 0.121 | L11: ΔD | M11: =I6-I12-(2*I7) -> 0.701 | N11: =M11*100000 -> 70100 | O11: =I9+I7-I8-I11 -> -1.164 | P11: =O11*100000 -> -116400
C12: Carbon | D12: C | E12: 2000 | F12: 1.771 | G12: 0.771 | H12: 0 | I12: -0.867
C13: Water (l) | D13: H2O | F13: 8.712 | G13: 1.25 | H13: -0.18 | I13: 0

Sheet HEAT_GIBBS
C4: Gibbs functions of Formation (kJ/kmol) and Heats of Formation (kJ/kmol) at 298.15 K
C5: Chemical Species | D5: Formula | E5: Phase | F5: ΔH | G5: ΔG
C6: Water | D6: H2O | E6: g | F6: -241818 | G6: -228572
C7: Water | D7: H2O | E7: l | F7: -285830 | G7: -237129 | J7: Temperature of Formation (K) | K7: 298.15 | M7: ΔA | N7: ΔB | O7: ΔC | P7: ΔD
C8: Carbon dioxide | D8: CO2 | E8: g | F8: -393509 | G8: -394359 | J8: Universal Gas Constant (J/molK) | K8: 8.314 | M8: =HEAT_CAPACITY!N8 -> -6.567 | N8: =HEAT_CAPACITY!N9 -> 0.007466 | O8: =HEAT_CAPACITY!N10 -> -2.164e-06 | P8: =HEAT_CAPACITY!N11 -> 70100 | Q8: k1
C9: Carbon monoxide | D9: CO | E9: g | F9: -110525 | G9: -137169 | J9: ΔH° (for k1) - kJ / kmol | K9: =F10-(F11^2) -> -74520 | L9: Methanation in Gasification | M9: =HEAT_CAPACITY!P8 -> 1.86 | N9: =HEAT_CAPACITY!P9 -> -0.000538 | O9: =HEAT_CAPACITY!P10 -> 0 | P9: =HEAT_CAPACITY!P11 -> -116400 | Q9: k2
C10: Methane | D10: CH4 | E10: g | F10: -74520 | G10: -50460 | J10: ΔH° (for k2) - kJ / kmol | K10: =F8+F11-F9-F6 -> -41166 | L10: Water-gas shift in Gasification
C11: Hydrogen | D11: H2 | E11: g | F11: 0 | G11: 0 | J11: ΔG° (for k1) - kJ / kmol | K11: =G10-(2*G11) -> -50460 | L11: Methanation in Gasification
C12: Oxygen | D12: O2 | E12: g | F12: 0 | G12: 0 | J12: ΔG° (for k2) - kJ / kmol | K12: =-G9-G6+G8+G11 -> -28618 | L12: Water-gas shift in Gasification
C13: Nitrogen | D13: N2 | E13: g | F13: 0 | G13: 0
J14: J (for k1) | K14: =K9-K8*((M8*K7)+(((N8)*(K7^2))/(2))+(((O8)*(K7^3))/(3))-(P8/K7)) -> -58886.8
J15: J (for k2) | K15: =K10-K8*((M9*K7)+(((N9)*(K7^2))/(2))+(((O9)*(K7^3))/(3))-(P9/K7)) -> -48823.644
J16: I (for k1) Integration Constant | K16: =((-K11+K14)/(K8*K7))-(M8*LN(K7))-((N8*K7)/2)-(((O8)*(K7^2))/6)-((P8)/(2*(K7^2))) -> 32.54137
J17: I (for k2) - Integration Constant | K17: =((-K12+K15)/(K8*K7))-(M9*LN(K7))-((N9*K7)/2)-(((O9)*(K7^2))/6)-((P9)/(2*(K7^2))) -> -18.01393

Sheet DEMAND
A1: 320 | B1: 320 | C1: 320 | D1: 320 | E1: 320 | F1: 320 | G1: 320 | H1: 320 | I1: 320 | J1: 320 | K1: 320 | L1: 320 | M1: 320
A2: 320 | B2: 320 | C2: 320 | D2: 320 | E2: 320 | F2: 320 | G2: 320 | H2: 320 | I2: 320 | J2: 320 | K2: 320 | L2: 320 | M2: 320
A3: 320 | B3: 320 | C3: 320 | D3: 320 | E3: 320 | F3: 320 | G3: 320 | H3: 320 | I3: 320 | J3: 320 | K3: 320 | L3: 320 | M3: 320
A4: 320 | B4: 320 | C4: 320 | D4: 320 | E4: 320 | F4: 320 | G4: 320 | H4: 320 | I4: 320 | J4: 320 | K4: 320 | L4: 320 | M4: 320
A5: 320 | B5: 320 | C5: 320 | D5: 320 | E5: 320 | F5: 320 | G5: 320 | H5: 320 | I5: 320 | J5: 320 | K5: 320 | L5: 320 | M5: 320
A6: 320 | B6: 320 | C6: 320 | D6: 320 | E6: 320 | F6: 320 | G6: 320 | H6: 320 | I6: 320 | J6: 320 | K6: 320 | L6: 320 | M6: 320
A7: 320 | B7: 320 | C7: 320 | D7: 320 | E7: 320 | F7: 320 | G7: 320 | H7: 320 | I7: 320 | J7: 320 | K7: 320 | L7: 320 | M7: 320
A8: 320 | B8: 320 | C8: 320 | D8: 320 | E8: 320 | F8: 320 | G8: 320 | H8: 320 | I8: 320 | J8: 320 | K8: 320 | L8: 320 | M8: 320
A9: 320 | B9: 320 | C9: 320 | D9: 320 | E9: 320 | F9: 320 | G9: 320 | H9: 320 | I9: 320 | J9: 320 | K9: 320 | L9: 320 | M9: 320
A10: 320 | B10: 320 | C10: 320 | D10: 320 | E10: 320 | F10: 320 | G10: 320 | H10: 320 | I10: 320 | J10: 320 | K10: 320 | L10: 320 | M10: 320
A11: 320 | B11: 320 | C11: 320 | D11: 320 | E11: 320 | F11: 320 | G11: 320 | H11: 320 | I11: 320 | J11: 320 | K11: 320 | L11: 320 | M11: 320
A12: 320 | B12: 320 | C12: 320 | D12: 320 | E12: 320 | F12: 320 | G12: 320 | H12: 320 | I12: 320 | J12: 320 | K12: 320 | L12: 320 | M12: 320
... A24: 320 | B24: 320 | C24: 320 | D24: 320 | E24: 320 | F24: 320 | G24: 320 | H24: 320 | I24: 320 | J24: 320 | K24: 320 | L24: 320 | M24: 320

Sheet FEED
A1: 2.5 | B1: 2.5 | C1: 2.5 | D1: 2.5 | E1: 2.5 | F1: 2.5 | G1: 2.5 | H1: 2.5 | I1: 2.5 | J1: 2.5 | K1: 2.5 | L1: 2.5
A2: 2.5 | B2: 2.5 | C2: 2.5 | D2: 2.5 | E2: 2.5 | F2: 2.5 | G2: 2.5 | H2: 2.5 | I2: 2.5 | J2: 2.5 | K2: 2.5 | L2: 2.5
A3: 2.5 | B3: 2.5 | C3: 2.5 | D3: 2.5 | E3: 2.5 | F3: 2.5 | G3: 2.5 | H3: 2.5 | I3: 2.5 | J3: 2.5 | K3: 2.5 | L3: 2.5
A4: 2.5 | B4: 2.5 | C4: 2.5 | D4: 2.5 | E4: 2.5 | F4: 2.5 | G4: 2.5 | H4: 2.5 | I4: 2.5 | J4: 2.5 | K4: 2.5 | L4: 2.5
A5: 2.5 | B5: 2.5 | C5: 2.5 | D5: 2.5 | E5: 2.5 | F5: 2.5 | G5: 2.5 | H5: 2.5 | I5: 2.5 | J5: 2.5 | K5: 2.5 | L5: 2.5
A6: 2.5 | B6: 2.5 | C6: 2.5 | D6: 2.5 | E6: 2.5 | F6: 2.5 | G6: 2.5 | H6: 2.5 | I6: 2.5 | J6: 2.5 | K6: 2.5 | L6: 2.5
A7: 2.5 | B7: 2.5 | C7: 2.5 | D7: 2.5 | E7: 2.5 | F7: 2.5 | G7: 2.5 | H7: 2.5 | I7: 2.5 | J7: 2.5 | K7: 2.5 | L7: 2.5
A8: 2.5 | B8: 2.5 | C8: 2.5 | D8: 2.5 | E8: 2.5 | F8: 2.5 | G8: 2.5 | H8: 2.5 | I8: 2.5 | J8: 2.5 | K8: 2.5 | L8: 2.5
A9: 2.5 | B9: 2.5 | C9: 2.5 | D9: 2.5 | E9: 2.5 | F9: 2.5 | G9: 2.5 | H9: 2.5 | I9: 2.5 | J9: 2.5 | K9: 2.5 | L9: 2.5
A10: 2.5 | B10: 2.5 | C10: 2.5 | D10: 2.5 | E10: 2.5 | F10: 2.5 | G10: 2.5 | H10: 2.5 | I10: 2.5 | J10: 2.5 | K10: 2.5 | L10: 2.5
A11: 2.5 | B11: 2.5 | C11: 2.5 | D11: 2.5 | E11: 2.5 | F11: 2.5 | G11: 2.5 | H11: 2.5 | I11: 2.5 | J11: 2.5 | K11: 2.5 | L11: 2.5
A12: 2.5 | B12: 2.5 | C12: 2.5 | D12: 2.5 | E12: 2.5 | F12: 2.5 | G12: 2.5 | H12: 2.5 | I12: 2.5 | J12: 2.5 | K12: 2.5 | L12: 2.5
... A24: 2.5 | B24: 2.5 | C24: 2.5 | D24: 2.5 | E24: 2.5 | F24: 2.5 | G24: 2.5 | H24: 2.5 | I24: 2.5 | J24: 2.5 | K24: 2.5 | L24: 2.5
